{
  "members": [
    {
      "name": "Tees Tech",
      "address": "123 High St",
      "phone": "01642 123456",
      "website": "https://example.com/tees-tech",
      "image": "tees-tech.png",
      "membership": "Gold"
    },
    {
      "name": "Stockton Coffee",
      "address": "45 Riverside",
      "phone": "01642 654321",
      "website": "https://example.com/coffee",
      "image": "coffee.png",
      "membership": "Silver"
    },
    {
      "name": "Fitness Hub",
      "address": "78 Gym Rd",
      "phone": "01642 987654",
      "website": "https://example.com/fitness",
      "image": "fitness.png",
      "membership": "Bronze"
    },
    {
      "name": "Bloom Florist",
      "address": "9 Flower Ln",
      "phone": "01642 112233",
      "website": "https://example.com/flowers",
      "image": "flowers.png",
      "membership": "Silver"
    },
    {
      "name": "Book Haven",
      "address": "21 Library St",
      "phone": "01642 445566",
      "website": "https://example.com/books",
      "image": "books.png",
      "membership": "Gold"
    },
    {
      "name": "AccountEase",
      "address": "5 Ledger Ave",
      "phone": "01642 778899",
      "website": "https://example.com/accounts",
      "image": "accounts.png",
      "membership": "Bronze"
    },
    {
      "name": "WebStudio",
      "address": "33 Code Way",
      "phone": "01642 334455",
      "website": "https://example.com/webstudio",
      "image": "webstudio.png",
      "membership": "Silver"
    }
  ]
}